"DESCRIPTION","DURATION IN MS","NAME","PARENT SUITE","START TIME","STATUS","STOP TIME","SUB SUITE","SUITE","TEST CLASS","TEST METHOD"
"","2656","Should NOT update order if one of productIds is invalid","sales-portal-api","Mon Dec 29 22:16:12 UTC 2025","passed","Mon Dec 29 22:16:15 UTC 2025","[API] [Sales Portal] [Orders] [Update]","","",""
"","570","Login as Admin via API","setup","Mon Dec 29 22:15:18 UTC 2025","passed","Mon Dec 29 22:15:19 UTC 2025","","","",""
"","1","SortField: createdOn, sortOrder: desc","sales-portal-api","Mon Dec 29 22:15:38 UTC 2025","skipped","Mon Dec 29 22:15:38 UTC 2025","[API] [Sales Portal] [Customers] Get Sorted > Sorting","","",""
"","6637","Should create product when name length is 40 characters","sales-portal-api","Mon Dec 29 22:16:13 UTC 2025","passed","Mon Dec 29 22:16:20 UTC 2025","[API] [Sales Portal] [Products] > Creating products with valid data","","",""
"","2912","Should fail for unauthorized user","sales-portal-api","Mon Dec 29 22:15:46 UTC 2025","passed","Mon Dec 29 22:15:49 UTC 2025","[API] [Sales Portal] [Notifications] - PATCH /api/notifications/mark-all-read","","",""
"","1810","Should NOT create product when price is negative","sales-portal-api","Mon Dec 29 22:16:37 UTC 2025","passed","Mon Dec 29 22:16:38 UTC 2025","[API] [Sales Portal] [Products] > Creating products with invalid data","","",""
"","9523","Should get product by id successfully","sales-portal-api","Mon Dec 29 22:16:48 UTC 2025","passed","Mon Dec 29 22:16:58 UTC 2025","[API] [Sales Portal] [Products] > Get Product By Id > Positive","","",""
"","2160","Should NOT delete order without token","sales-portal-api","Mon Dec 29 22:15:54 UTC 2025","passed","Mon Dec 29 22:15:57 UTC 2025","[API] [Sales Portal] [Orders] [Delete]","","",""
"","1605","Should NOT create product when name length is 2 characters","sales-portal-api","Mon Dec 29 22:16:34 UTC 2025","passed","Mon Dec 29 22:16:35 UTC 2025","[API] [Sales Portal] [Products] > Creating products with invalid data","","",""
"","5574","Field: Created On, direction: asc","sales-portal-ui-integration","Mon Dec 29 22:17:26 UTC 2025","passed","Mon Dec 29 22:17:31 UTC 2025","[Integration] [Sales Portal] [Products] [Table Sorting]","","",""
"","9294","Get All Customers","sales-portal-api","Mon Dec 29 22:15:31 UTC 2025","passed","Mon Dec 29 22:15:40 UTC 2025","[API] [Sales Portal] [Customers]","","",""
"","3226","New Customers metric","sales-portal-ui-integration","Mon Dec 29 22:17:10 UTC 2025","passed","Mon Dec 29 22:17:13 UTC 2025","[Integration] [Sales Portal] [Home Metrics]","","",""
"","3154","Should return all notifications for authorized user","sales-portal-api","Mon Dec 29 22:15:43 UTC 2025","passed","Mon Dec 29 22:15:46 UTC 2025","[API] [Sales Portal] [Notifications] - GET /api/notifications","","",""
"","0","Search by price","sales-portal-ui","Mon Dec 29 22:20:32 UTC 2025","skipped","Mon Dec 29 22:20:32 UTC 2025","[Sales Portal] [Products]","","",""
"","1429","Create customer with 999 house","sales-portal-api","Mon Dec 29 22:15:24 UTC 2025","passed","Mon Dec 29 22:15:25 UTC 2025","[API] [Sales Portal] [Customers] > Creating customers with valid data","","",""
"","2192","Should NOT delete order with invalid token","sales-portal-api","Mon Dec 29 22:15:54 UTC 2025","passed","Mon Dec 29 22:15:57 UTC 2025","[API] [Sales Portal] [Orders] [Delete]","","",""
"","2209","Should NOT get order with invalid token","sales-portal-api","Mon Dec 29 22:15:57 UTC 2025","passed","Mon Dec 29 22:16:00 UTC 2025","[API] [Sales Portal] [Orders] [Get by ID]","","",""
"","7209","Field: Delivery, direction: desc → sends correct API sort and updates UI","sales-portal-ui-integration","Mon Dec 29 22:18:09 UTC 2025","passed","Mon Dec 29 22:18:17 UTC 2025","[Integration] [Sales Portal] [Orders] [Table Sorting]","","",""
"","1570","0 flat of customer is not created","sales-portal-api","Mon Dec 29 22:15:27 UTC 2025","passed","Mon Dec 29 22:15:28 UTC 2025","[API] [Sales Portal] [Customers] > Creating customers with invalid data","","",""
"","2330","Should NOT update order with 1 invalid productId","sales-portal-api","Mon Dec 29 22:16:12 UTC 2025","passed","Mon Dec 29 22:16:14 UTC 2025","[API] [Sales Portal] [Orders] [Update]","","",""
"","3088","Create customer with 1 space in name","sales-portal-api","Mon Dec 29 22:15:19 UTC 2025","passed","Mon Dec 29 22:15:22 UTC 2025","[API] [Sales Portal] [Customers] > Creating customers with valid data","","",""
"","1478","Search by country","sales-portal-api","Mon Dec 29 22:15:37 UTC 2025","passed","Mon Dec 29 22:15:39 UTC 2025","[API] [Sales Portal] [Customers] Get Sorted > Search","","",""
"","1","Add new product","sales-portal-ui","Mon Dec 29 22:20:04 UTC 2025","skipped","Mon Dec 29 22:20:04 UTC 2025","[Sales Portal] [Products]","","",""
"","1529","Should NOT create product when amount is not an integer number","sales-portal-api","Mon Dec 29 22:16:38 UTC 2025","passed","Mon Dec 29 22:16:40 UTC 2025","[API] [Sales Portal] [Products] > Creating products with invalid data","","",""
"","8503","Should delete product successfully","sales-portal-api","Mon Dec 29 22:16:40 UTC 2025","passed","Mon Dec 29 22:16:48 UTC 2025","[API] [Sales Portal] [Products] > Delete product > Positive","","",""
"","548","Customer without phone is not created","sales-portal-api","Mon Dec 29 22:15:28 UTC 2025","passed","Mon Dec 29 22:15:29 UTC 2025","[API] [Sales Portal] [Customers] > Creating customers with invalid data","","",""
"","556","Should NOT create product without price field","sales-portal-api","Mon Dec 29 22:16:36 UTC 2025","passed","Mon Dec 29 22:16:36 UTC 2025","[API] [Sales Portal] [Products] > Creating products with invalid data","","",""
"","7306","Field: Email, direction: desc → sends correct API sort and updates UI","sales-portal-ui-integration","Mon Dec 29 22:17:40 UTC 2025","passed","Mon Dec 29 22:17:47 UTC 2025","[Integration] [Sales Portal] [Orders] [Table Sorting]","","",""
"","1156","Name with 2 spaces in customer is not created","sales-portal-api","Mon Dec 29 22:15:26 UTC 2025","passed","Mon Dec 29 22:15:27 UTC 2025","[API] [Sales Portal] [Customers] > Creating customers with invalid data","","",""
"","1811","Should NOT create product when amount is negative","sales-portal-api","Mon Dec 29 22:16:37 UTC 2025","passed","Mon Dec 29 22:16:39 UTC 2025","[API] [Sales Portal] [Products] > Creating products with invalid data","","",""
"","0","Search by name","sales-portal-ui","Mon Dec 29 22:19:25 UTC 2025","skipped","Mon Dec 29 22:19:25 UTC 2025","[Sales Portal] [Customers]","","",""
"","7227","Field: Created On, direction: desc → sends correct API sort and updates UI","sales-portal-ui-integration","Mon Dec 29 22:18:54 UTC 2025","passed","Mon Dec 29 22:19:01 UTC 2025","[Integration] [Sales Portal] [Orders] [Table Sorting]","","",""
"","2869","Should delete a comment with all valid data (token, orderId, commentId)","sales-portal-api","Mon Dec 29 22:15:55 UTC 2025","passed","Mon Dec 29 22:15:58 UTC 2025","[API] [Sales Portal] [Orders] [Comments] [Delete]","","",""
"","2292","Should get order with valid id and token","sales-portal-api","Mon Dec 29 22:15:57 UTC 2025","passed","Mon Dec 29 22:15:59 UTC 2025","[API] [Sales Portal] [Orders] [Get by ID]","","",""
"","10250","Should NOT unassign manager with invalid token","sales-portal-api","Mon Dec 29 22:15:59 UTC 2025","passed","Mon Dec 29 22:16:09 UTC 2025","[API] [Sales Portal] [Orders] [Unassign Manager]","","",""
"","1495","251 notes customer is not created","sales-portal-api","Mon Dec 29 22:15:29 UTC 2025","passed","Mon Dec 29 22:15:31 UTC 2025","[API] [Sales Portal] [Customers] > Creating customers with invalid data","","",""
"","339","Should NOT assign manager with missing orderId","sales-portal-api","Mon Dec 29 22:15:50 UTC 2025","passed","Mon Dec 29 22:15:50 UTC 2025","[API] [Sales Portal] [Orders] [Assign Manager]","","",""
"","6988","Create product","sales-portal-api","Mon Dec 29 22:16:12 UTC 2025","passed","Mon Dec 29 22:16:19 UTC 2025","[API] [Sales Portal] [Products]","","",""
"","1814","Should NOT create product when price is 0","sales-portal-api","Mon Dec 29 22:16:35 UTC 2025","passed","Mon Dec 29 22:16:37 UTC 2025","[API] [Sales Portal] [Products] > Creating products with invalid data","","",""
"","5491","Field: Created On, direction: desc","sales-portal-ui-integration","Mon Dec 29 22:17:28 UTC 2025","passed","Mon Dec 29 22:17:33 UTC 2025","[Integration] [Sales Portal] [Products] [Table Sorting]","","",""
"","2926","Create customer with 1 character length of street","sales-portal-api","Mon Dec 29 22:15:21 UTC 2025","passed","Mon Dec 29 22:15:23 UTC 2025","[API] [Sales Portal] [Customers] > Creating customers with valid data","","",""
"","361","Should NOT get order with non-existent id","sales-portal-api","Mon Dec 29 22:15:57 UTC 2025","passed","Mon Dec 29 22:15:57 UTC 2025","[API] [Sales Portal] [Orders] [Get by ID]","","",""
"","7379","Field: Status, direction: desc → sends correct API sort and updates UI","sales-portal-ui-integration","Mon Dec 29 22:18:24 UTC 2025","passed","Mon Dec 29 22:18:31 UTC 2025","[Integration] [Sales Portal] [Orders] [Table Sorting]","","",""
"","1862","Search by price field","sales-portal-ui","Mon Dec 29 22:20:30 UTC 2025","failed","Mon Dec 29 22:20:32 UTC 2025","[Sales Portal] [Products]","","",""
"","335","Should NOT unassign manager with non-existent orderId","sales-portal-api","Mon Dec 29 22:16:00 UTC 2025","passed","Mon Dec 29 22:16:00 UTC 2025","[API] [Sales Portal] [Orders] [Unassign Manager]","","",""
"","7646","Should create product when name length is 3 characters","sales-portal-api","Mon Dec 29 22:16:12 UTC 2025","passed","Mon Dec 29 22:16:20 UTC 2025","[API] [Sales Portal] [Products] > Creating products with valid data","","",""
"","7398","Field: Order Number, direction: desc → sends correct API sort and updates UI","sales-portal-ui-integration","Mon Dec 29 22:17:25 UTC 2025","passed","Mon Dec 29 22:17:32 UTC 2025","[Integration] [Sales Portal] [Orders] [Table Sorting]","","",""
"","8709","Should NOT delete non-existent product","sales-portal-api","Mon Dec 29 22:16:41 UTC 2025","passed","Mon Dec 29 22:16:50 UTC 2025","[API] [Sales Portal] [Products] > Delete product > Negative","","",""
"","1793","Should NOT create product when amount is 1000","sales-portal-api","Mon Dec 29 22:16:38 UTC 2025","passed","Mon Dec 29 22:16:39 UTC 2025","[API] [Sales Portal] [Products] > Creating products with invalid data","","",""
"","1694","Should NOT create order with invalid customerId","sales-portal-api","Mon Dec 29 22:15:53 UTC 2025","passed","Mon Dec 29 22:15:54 UTC 2025","[API] [Sales Portal] [Orders] [Create]","","",""
"","20574","Table parsing","sales-portal-ui","Mon Dec 29 22:19:52 UTC 2025","failed","Mon Dec 29 22:20:13 UTC 2025","[Sales Portal] [Customers]","","",""
"","540","Should NOT create product without manufacturer field","sales-portal-api","Mon Dec 29 22:16:35 UTC 2025","passed","Mon Dec 29 22:16:36 UTC 2025","[API] [Sales Portal] [Products] > Creating products with invalid data","","",""
"","4385","Should update order with all valid data (token, valid customerId, productId)","sales-portal-api","Mon Dec 29 22:16:05 UTC 2025","failed","Mon Dec 29 22:16:09 UTC 2025","[API] [Sales Portal] [Orders] [Update]","","",""
"","5552","Field: Name, direction: asc","sales-portal-ui-integration","Mon Dec 29 22:17:15 UTC 2025","passed","Mon Dec 29 22:17:21 UTC 2025","[Integration] [Sales Portal] [Products] [Table Sorting]","","",""
"","2485","Should NOT update order with non-existent customerId","sales-portal-api","Mon Dec 29 22:16:10 UTC 2025","passed","Mon Dec 29 22:16:12 UTC 2025","[API] [Sales Portal] [Orders] [Update]","","",""
"","3200","Should assign manager with valid orderId, managerId and token","sales-portal-api","Mon Dec 29 22:15:47 UTC 2025","passed","Mon Dec 29 22:15:50 UTC 2025","[API] [Sales Portal] [Orders] [Assign Manager]","","",""
"","1373","Negative price house customer is not created","sales-portal-api","Mon Dec 29 22:15:29 UTC 2025","passed","Mon Dec 29 22:15:31 UTC 2025","[API] [Sales Portal] [Customers] > Creating customers with invalid data","","",""
"","5860","Field: Manufacturer, direction: desc","sales-portal-ui-integration","Mon Dec 29 22:17:23 UTC 2025","passed","Mon Dec 29 22:17:29 UTC 2025","[Integration] [Sales Portal] [Products] [Table Sorting]","","",""
"","1774","Get Customer By Id","sales-portal-api","Mon Dec 29 22:15:31 UTC 2025","passed","Mon Dec 29 22:15:33 UTC 2025","[API] [Sales Portal] [Customers]","","",""
"","8961","Should create product when name contains a single space","sales-portal-api","Mon Dec 29 22:16:14 UTC 2025","passed","Mon Dec 29 22:16:23 UTC 2025","[API] [Sales Portal] [Products] > Creating products with valid data","","",""
"","3123","Should mark single notification as read","sales-portal-api","Mon Dec 29 22:15:47 UTC 2025","passed","Mon Dec 29 22:15:50 UTC 2025","[API] [Sales Portal] [Notifications] - PATCH /api/notifications/{notificationId}/read","","",""
"","2934","Should create order with all valid data (token, valid customerId, productId) and 5 products","sales-portal-api","Mon Dec 29 22:15:51 UTC 2025","passed","Mon Dec 29 22:15:54 UTC 2025","[API] [Sales Portal] [Orders] [Create]","","",""
"","2022","Should create order and return it by schema (sanity, uses createOrderSchema)","sales-portal-api","Mon Dec 29 22:15:55 UTC 2025","passed","Mon Dec 29 22:15:57 UTC 2025","[API] [Sales Portal] [Orders] [Delete]","","",""
"","1937","Should NOT create order if one of productIds is invalid","sales-portal-api","Mon Dec 29 22:15:53 UTC 2025","passed","Mon Dec 29 22:15:55 UTC 2025","[API] [Sales Portal] [Orders] [Create]","","",""
"","8615","Should NOT get product by id with empty token","sales-portal-api","Mon Dec 29 22:16:50 UTC 2025","passed","Mon Dec 29 22:16:59 UTC 2025","[API] [Sales Portal] [Products] > Get Product By Id > Negative","","",""
"","649","Customer without street is not created","sales-portal-api","Mon Dec 29 22:15:29 UTC 2025","passed","Mon Dec 29 22:15:29 UTC 2025","[API] [Sales Portal] [Customers] > Creating customers with invalid data","","",""
"","19761","Add customer with services","sales-portal-ui","Mon Dec 29 22:19:43 UTC 2025","failed","Mon Dec 29 22:20:03 UTC 2025","[Sales Portal] [Customers] [E2E Add]","","",""
"","1817","Should NOT create product when price is 100000","sales-portal-api","Mon Dec 29 22:16:36 UTC 2025","passed","Mon Dec 29 22:16:38 UTC 2025","[API] [Sales Portal] [Products] > Creating products with invalid data","","",""
"","8348","Should create product with price equal to 1","sales-portal-api","Mon Dec 29 22:16:15 UTC 2025","passed","Mon Dec 29 22:16:23 UTC 2025","[API] [Sales Portal] [Products] > Creating products with valid data","","",""
"","1516","Search by email field","sales-portal-ui","Mon Dec 29 22:19:23 UTC 2025","failed","Mon Dec 29 22:19:24 UTC 2025","[Sales Portal] [Customers]","","",""
"","559","Not integer flat customer is not created","sales-portal-api","Mon Dec 29 22:15:29 UTC 2025","passed","Mon Dec 29 22:15:30 UTC 2025","[API] [Sales Portal] [Customers] > Creating customers with invalid data","","",""
"","7335","Field: Email, direction: asc → sends correct API sort and updates UI","sales-portal-ui-integration","Mon Dec 29 22:17:32 UTC 2025","passed","Mon Dec 29 22:17:40 UTC 2025","[Integration] [Sales Portal] [Orders] [Table Sorting]","","",""
"","1173","Customer with invalid email is not created","sales-portal-api","Mon Dec 29 22:15:26 UTC 2025","passed","Mon Dec 29 22:15:28 UTC 2025","[API] [Sales Portal] [Customers] > Creating customers with invalid data","","",""
"","18693","Table parsing","sales-portal-ui","Mon Dec 29 22:20:59 UTC 2025","failed","Mon Dec 29 22:21:18 UTC 2025","[Sales Portal] [Products]","","",""
"","2778","Should NOT create product when notes length is 251 characters","sales-portal-api","Mon Dec 29 22:16:38 UTC 2025","passed","Mon Dec 29 22:16:41 UTC 2025","[API] [Sales Portal] [Products] > Creating products with invalid data","","",""
"","0","Search by email","sales-portal-ui","Mon Dec 29 22:19:25 UTC 2025","skipped","Mon Dec 29 22:19:25 UTC 2025","[Sales Portal] [Customers]","","",""
"","32528","Delete","sales-portal-ui","Mon Dec 29 22:19:45 UTC 2025","failed","Mon Dec 29 22:20:18 UTC 2025","[Sales Portal] [Customers]","","",""
"","1410","Create customer with 1 house","sales-portal-api","Mon Dec 29 22:15:24 UTC 2025","passed","Mon Dec 29 22:15:25 UTC 2025","[API] [Sales Portal] [Customers] > Creating customers with valid data","","",""
"","1370","Should return empty orders array for new customer","sales-portal-api","Mon Dec 29 22:15:32 UTC 2025","passed","Mon Dec 29 22:15:33 UTC 2025","[API] [Sales Portal] [Customers]","","",""
"","1492","Should NOT update customer without token","sales-portal-api","Mon Dec 29 22:15:39 UTC 2025","passed","Mon Dec 29 22:15:40 UTC 2025","[API] [Sales Portal] [Customers] > NOT SMOKE","","",""
"","1513","10000 flat of customer is not created","sales-portal-api","Mon Dec 29 22:15:28 UTC 2025","passed","Mon Dec 29 22:15:29 UTC 2025","[API] [Sales Portal] [Customers] > Creating customers with invalid data","","",""
"","142","Should fail with invalid token","sales-portal-api","Mon Dec 29 22:15:33 UTC 2025","passed","Mon Dec 29 22:15:33 UTC 2025","[API] [Sales Portal] [Customers]","","",""
"","2914","Should fail for unauthorized user","sales-portal-api","Mon Dec 29 22:15:44 UTC 2025","passed","Mon Dec 29 22:15:47 UTC 2025","[API] [Sales Portal] [Notifications] - GET /api/notifications","","",""
"","3086","Create customer with 1 character length of city","sales-portal-api","Mon Dec 29 22:15:20 UTC 2025","passed","Mon Dec 29 22:15:23 UTC 2025","[API] [Sales Portal] [Customers] > Creating customers with valid data","","",""
"","13384","Should create product with amount equal to 999","sales-portal-api","Mon Dec 29 22:16:20 UTC 2025","passed","Mon Dec 29 22:16:34 UTC 2025","[API] [Sales Portal] [Products] > Creating products with valid data","","",""
"","1417","Notes with < or > symbols customer is not created","sales-portal-api","Mon Dec 29 22:15:29 UTC 2025","passed","Mon Dec 29 22:15:31 UTC 2025","[API] [Sales Portal] [Customers] > Creating customers with invalid data","","",""
"","21241","Customer Details","sales-portal-ui","Mon Dec 29 22:19:29 UTC 2025","failed","Mon Dec 29 22:19:50 UTC 2025","[Sales Portal] [Products] [Customer Details]","","",""
"","1379","0 house of customer is not created","sales-portal-api","Mon Dec 29 22:15:27 UTC 2025","passed","Mon Dec 29 22:15:28 UTC 2025","[API] [Sales Portal] [Customers] > Creating customers with invalid data","","",""
"","1420","Create customer with 9999 flat","sales-portal-api","Mon Dec 29 22:15:24 UTC 2025","passed","Mon Dec 29 22:15:25 UTC 2025","[API] [Sales Portal] [Customers] > Creating customers with valid data","","",""
"","2810","Should NOT update order without products (empty array)","sales-portal-api","Mon Dec 29 22:16:11 UTC 2025","passed","Mon Dec 29 22:16:13 UTC 2025","[API] [Sales Portal] [Orders] [Update]","","",""
"","15507","Should NOT update non-existent product","sales-portal-api","Mon Dec 29 22:17:07 UTC 2025","passed","Mon Dec 29 22:17:22 UTC 2025","[API] [Sales Portal] [Products] > Update product by ID > Negative","","",""
"","19209","Update customer with services","sales-portal-ui","Mon Dec 29 22:19:55 UTC 2025","failed","Mon Dec 29 22:20:15 UTC 2025","[Sales Portal] [Customers] [E2E Update]","","",""
"","2650","Create customer with 1 character length of name","sales-portal-api","Mon Dec 29 22:15:18 UTC 2025","passed","Mon Dec 29 22:15:20 UTC 2025","[API] [Sales Portal] [Customers] > Creating customers with valid data","","",""
"","1592","Delete Customer","sales-portal-api","Mon Dec 29 22:15:30 UTC 2025","passed","Mon Dec 29 22:15:31 UTC 2025","[API] [Sales Portal] [Customers]","","",""
"","9032","SortField: createdOn, sortOrder: asc","sales-portal-api","Mon Dec 29 22:15:38 UTC 2025","passed","Mon Dec 29 22:15:47 UTC 2025","[API] [Sales Portal] [Customers] Get Sorted > Sorting","","",""
"","1769","Total Revenue metric","sales-portal-ui-integration","Mon Dec 29 22:17:13 UTC 2025","passed","Mon Dec 29 22:17:15 UTC 2025","[Integration] [Sales Portal] [Home Metrics]","","",""
"","14409","Should create product with price equal to 99999","sales-portal-api","Mon Dec 29 22:16:19 UTC 2025","passed","Mon Dec 29 22:16:34 UTC 2025","[API] [Sales Portal] [Products] > Creating products with valid data","","",""
"","1206","41 character name customer is not created","sales-portal-api","Mon Dec 29 22:15:25 UTC 2025","passed","Mon Dec 29 22:15:27 UTC 2025","[API] [Sales Portal] [Customers] > Creating customers with invalid data","","",""
"","338","Should NOT assign manager with non-existent orderId","sales-portal-api","Mon Dec 29 22:15:49 UTC 2025","passed","Mon Dec 29 22:15:50 UTC 2025","[API] [Sales Portal] [Orders] [Assign Manager]","","",""
"","2404","Should create order with all valid data (token, valid customerId, productId) and one product","sales-portal-api","Mon Dec 29 22:15:50 UTC 2025","passed","Mon Dec 29 22:15:53 UTC 2025","[API] [Sales Portal] [Orders] [Create]","","",""
"","2443","Should update customer with min valid data","sales-portal-api","Mon Dec 29 22:15:41 UTC 2025","passed","Mon Dec 29 22:15:44 UTC 2025","[API] [Sales Portal] [Customers] > NOT SMOKE","","",""
"","1794","Customer Details with services","sales-portal-ui","Mon Dec 29 22:19:10 UTC 2025","failed","Mon Dec 29 22:19:12 UTC 2025","[Sales Portal] [Products] [Customer Details]","","",""
"","6567","Field: Price, direction: desc","sales-portal-ui-integration","Mon Dec 29 22:17:21 UTC 2025","passed","Mon Dec 29 22:17:28 UTC 2025","[Integration] [Sales Portal] [Products] [Table Sorting]","","",""
"","7292","Field: Delivery, direction: asc → sends correct API sort and updates UI","sales-portal-ui-integration","Mon Dec 29 22:18:02 UTC 2025","passed","Mon Dec 29 22:18:09 UTC 2025","[Integration] [Sales Portal] [Orders] [Table Sorting]","","",""
"","6231","Should NOT update order with invalid token","sales-portal-api","Mon Dec 29 22:16:06 UTC 2025","passed","Mon Dec 29 22:16:12 UTC 2025","[API] [Sales Portal] [Orders] [Update]","","",""
"","13408","Should create product with amount equal to 0","sales-portal-api","Mon Dec 29 22:16:20 UTC 2025","passed","Mon Dec 29 22:16:34 UTC 2025","[API] [Sales Portal] [Products] > Creating products with valid data","","",""
"","7113","Should get orders for customer with multiple orders","sales-portal-api","Mon Dec 29 22:15:31 UTC 2025","passed","Mon Dec 29 22:15:38 UTC 2025","[API] [Sales Portal] [Customers]","","",""
"","5552","Field: Manufacturer, direction: asc","sales-portal-ui-integration","Mon Dec 29 22:17:24 UTC 2025","passed","Mon Dec 29 22:17:30 UTC 2025","[Integration] [Sales Portal] [Products] [Table Sorting]","","",""
"","619","Without country customer is not created","sales-portal-api","Mon Dec 29 22:15:27 UTC 2025","passed","Mon Dec 29 22:15:28 UTC 2025","[API] [Sales Portal] [Customers] > Creating customers with invalid data","","",""
"","2480","Should NOT assign manager without token","sales-portal-api","Mon Dec 29 22:15:47 UTC 2025","passed","Mon Dec 29 22:15:50 UTC 2025","[API] [Sales Portal] [Orders] [Assign Manager]","","",""
"","8173","Should NOT delete product with empty token","sales-portal-api","Mon Dec 29 22:16:40 UTC 2025","passed","Mon Dec 29 22:16:48 UTC 2025","[API] [Sales Portal] [Products] > Delete product > Negative","","",""
"","7286","Field: Status, direction: asc → sends correct API sort and updates UI","sales-portal-ui-integration","Mon Dec 29 22:18:17 UTC 2025","passed","Mon Dec 29 22:18:24 UTC 2025","[Integration] [Sales Portal] [Orders] [Table Sorting]","","",""
"","2496","Create Customer","sales-portal-api","Mon Dec 29 22:15:18 UTC 2025","passed","Mon Dec 29 22:15:20 UTC 2025","[API] [Sales Portal] [Customers]","","",""
"","33222","Add new product with services","sales-portal-ui","Mon Dec 29 22:20:21 UTC 2025","broken","Mon Dec 29 22:20:55 UTC 2025","[Sales Portal] [Products]","","",""
"","1656","Avg Order Value metric","sales-portal-ui-integration","Mon Dec 29 22:17:14 UTC 2025","passed","Mon Dec 29 22:17:15 UTC 2025","[Integration] [Sales Portal] [Home Metrics]","","",""
"","2526","Should NOT delete a comment with orderId invalid (non existing)","sales-portal-api","Mon Dec 29 22:15:56 UTC 2025","passed","Mon Dec 29 22:15:58 UTC 2025","[API] [Sales Portal] [Orders] [Comments] [Delete]","","",""
"","1","Search by name","sales-portal-ui","Mon Dec 29 22:20:32 UTC 2025","skipped","Mon Dec 29 22:20:32 UTC 2025","[Sales Portal] [Products]","","",""
"","9634","Should NOT get all products with invalid token","sales-portal-api","Mon Dec 29 22:16:48 UTC 2025","passed","Mon Dec 29 22:16:58 UTC 2025","[API] [Sales Portal] [Products] > Get All Products > Negative","","",""
"","1818","Canceled Orders metric","sales-portal-ui-integration","Mon Dec 29 22:17:12 UTC 2025","passed","Mon Dec 29 22:17:14 UTC 2025","[Integration] [Sales Portal] [Home Metrics]","","",""
"","2312","Should NOT assign manager with invalid token","sales-portal-api","Mon Dec 29 22:15:51 UTC 2025","passed","Mon Dec 29 22:15:53 UTC 2025","[API] [Sales Portal] [Orders] [Assign Manager]","","",""
"","1943","Should NOT create product when name is empty","sales-portal-api","Mon Dec 29 22:16:35 UTC 2025","passed","Mon Dec 29 22:16:37 UTC 2025","[API] [Sales Portal] [Products] > Creating products with invalid data","","",""
"","7008","Should unassign manager with valid orderId and token","sales-portal-api","Mon Dec 29 22:15:58 UTC 2025","passed","Mon Dec 29 22:16:05 UTC 2025","[API] [Sales Portal] [Orders] [Unassign Manager]","","",""
"","8018","Should NOT delete product with invalid token","sales-portal-api","Mon Dec 29 22:16:40 UTC 2025","passed","Mon Dec 29 22:16:48 UTC 2025","[API] [Sales Portal] [Products] > Delete product > Negative","","",""
"","527","Should NOT create product without amount field","sales-portal-api","Mon Dec 29 22:16:38 UTC 2025","passed","Mon Dec 29 22:16:38 UTC 2025","[API] [Sales Portal] [Products] > Creating products with invalid data","","",""
"","2654","Should NOT assign manager with non-existent managerId","sales-portal-api","Mon Dec 29 22:15:50 UTC 2025","passed","Mon Dec 29 22:15:53 UTC 2025","[API] [Sales Portal] [Orders] [Assign Manager]","","",""
"","0","Search by country","sales-portal-ui","Mon Dec 29 22:19:25 UTC 2025","skipped","Mon Dec 29 22:19:25 UTC 2025","[Sales Portal] [Customers]","","",""
"","0","Search by manufacturer","sales-portal-ui","Mon Dec 29 22:20:32 UTC 2025","skipped","Mon Dec 29 22:20:32 UTC 2025","[Sales Portal] [Products]","","",""
"","9996","Should NOT unassign manager without token","sales-portal-api","Mon Dec 29 22:15:59 UTC 2025","passed","Mon Dec 29 22:16:09 UTC 2025","[API] [Sales Portal] [Orders] [Unassign Manager]","","",""
"","4674","SortField: country, sortOrder: desc","sales-portal-api","Mon Dec 29 22:15:38 UTC 2025","passed","Mon Dec 29 22:15:43 UTC 2025","[API] [Sales Portal] [Customers] Get Sorted > Sorting","","",""
"","9257","Should NOT update product with empty token","sales-portal-api","Mon Dec 29 22:16:58 UTC 2025","passed","Mon Dec 29 22:17:07 UTC 2025","[API] [Sales Portal] [Products] > Update product by ID > Negative","","",""
"","573","Customer without house is not created","sales-portal-api","Mon Dec 29 22:15:28 UTC 2025","passed","Mon Dec 29 22:15:29 UTC 2025","[API] [Sales Portal] [Customers] > Creating customers with invalid data","","",""
"","2","Add new product OLD","sales-portal-ui","Mon Dec 29 22:20:04 UTC 2025","skipped","Mon Dec 29 22:20:04 UTC 2025","[Sales Portal] [Products]","","",""
"","2512","Should NOT update order with customer value missing","sales-portal-api","Mon Dec 29 22:16:10 UTC 2025","passed","Mon Dec 29 22:16:12 UTC 2025","[API] [Sales Portal] [Orders] [Update]","","",""
"","4590","Search by email","sales-portal-api","Mon Dec 29 22:15:33 UTC 2025","passed","Mon Dec 29 22:15:38 UTC 2025","[API] [Sales Portal] [Customers] Get Sorted > Search","","",""
"","9004","Should allow unassigning when no manager is assigned (no error, history added)","sales-portal-api","Mon Dec 29 22:16:00 UTC 2025","passed","Mon Dec 29 22:16:09 UTC 2025","[API] [Sales Portal] [Orders] [Unassign Manager]","","",""
"","1608","Should NOT create product when name contains two spaces","sales-portal-api","Mon Dec 29 22:16:34 UTC 2025","passed","Mon Dec 29 22:16:35 UTC 2025","[API] [Sales Portal] [Products] > Creating products with invalid data","","",""
"","3920","Product Details with services","sales-portal-ui","Mon Dec 29 22:20:27 UTC 2025","failed","Mon Dec 29 22:20:31 UTC 2025","[Sales Portal] [Products]","","",""
"","1394","Create customer with empty notes","sales-portal-api","Mon Dec 29 22:15:25 UTC 2025","passed","Mon Dec 29 22:15:26 UTC 2025","[API] [Sales Portal] [Customers] > Creating customers with valid data","","",""
"","1","Product Details","sales-portal-ui","Mon Dec 29 22:20:15 UTC 2025","skipped","Mon Dec 29 22:20:15 UTC 2025","[Sales Portal] [Products]","","",""
"","1447","Name with special characters in customer is not created","sales-portal-api","Mon Dec 29 22:15:26 UTC 2025","passed","Mon Dec 29 22:15:28 UTC 2025","[API] [Sales Portal] [Customers] > Creating customers with invalid data","","",""
"","2633","Create customer with 40 character length of name","sales-portal-api","Mon Dec 29 22:15:18 UTC 2025","passed","Mon Dec 29 22:15:20 UTC 2025","[API] [Sales Portal] [Customers] > Creating customers with valid data","","",""
"","18659","Update product with services","sales-portal-ui","Mon Dec 29 22:21:00 UTC 2025","failed","Mon Dec 29 22:21:18 UTC 2025","[Sales Portal] [Products] [E2E Update]","","",""
"","1421","Negative amount flat is not created","sales-portal-api","Mon Dec 29 22:15:29 UTC 2025","passed","Mon Dec 29 22:15:31 UTC 2025","[API] [Sales Portal] [Customers] > Creating customers with invalid data","","",""
"","2967","Should fail for unauthorized user","sales-portal-api","Mon Dec 29 22:15:47 UTC 2025","passed","Mon Dec 29 22:15:50 UTC 2025","[API] [Sales Portal] [Notifications] - PATCH /api/notifications/{notificationId}/read","","",""
"","3590","Should NOT update customer with existing customer email","sales-portal-api","Mon Dec 29 22:15:40 UTC 2025","passed","Mon Dec 29 22:15:44 UTC 2025","[API] [Sales Portal] [Customers] > NOT SMOKE","","",""
"","12249","Should NOT get non-existent product by id","sales-portal-api","Mon Dec 29 22:16:56 UTC 2025","passed","Mon Dec 29 22:17:08 UTC 2025","[API] [Sales Portal] [Products] > Get Product By Id > Negative","","",""
"","1389","Create customer with 1 flat","sales-portal-api","Mon Dec 29 22:15:23 UTC 2025","passed","Mon Dec 29 22:15:25 UTC 2025","[API] [Sales Portal] [Customers] > Creating customers with valid data","","",""
"","1927","Should NOT create order with all valid data (token, valid customerId, productId) and 6 products","sales-portal-api","Mon Dec 29 22:15:52 UTC 2025","passed","Mon Dec 29 22:15:54 UTC 2025","[API] [Sales Portal] [Orders] [Create]","","",""
"","7301","Field: Price, direction: asc → sends correct API sort and updates UI","sales-portal-ui-integration","Mon Dec 29 22:17:47 UTC 2025","passed","Mon Dec 29 22:17:54 UTC 2025","[Integration] [Sales Portal] [Orders] [Table Sorting]","","",""
"","4133","Search by name","sales-portal-api","Mon Dec 29 22:15:33 UTC 2025","passed","Mon Dec 29 22:15:37 UTC 2025","[API] [Sales Portal] [Customers] Get Sorted > Search","","",""
"","1574","Search by name field","sales-portal-ui","Mon Dec 29 22:20:26 UTC 2025","failed","Mon Dec 29 22:20:27 UTC 2025","[Sales Portal] [Products]","","",""
"","2102","Search by manufacturer field","sales-portal-ui","Mon Dec 29 22:20:39 UTC 2025","failed","Mon Dec 29 22:20:41 UTC 2025","[Sales Portal] [Products]","","",""
"","2000","Should NOT create product when notes contain '<' or '>' symbols","sales-portal-api","Mon Dec 29 22:16:39 UTC 2025","passed","Mon Dec 29 22:16:41 UTC 2025","[API] [Sales Portal] [Products] > Creating products with invalid data","","",""
"","6085","Should get order for customer with one order","sales-portal-api","Mon Dec 29 22:15:31 UTC 2025","passed","Mon Dec 29 22:15:37 UTC 2025","[API] [Sales Portal] [Customers]","","",""
"","1389","Create customer without notes","sales-portal-api","Mon Dec 29 22:15:25 UTC 2025","passed","Mon Dec 29 22:15:26 UTC 2025","[API] [Sales Portal] [Customers] > Creating customers with valid data","","",""
"","30547","Delete","sales-portal-ui","Mon Dec 29 22:20:49 UTC 2025","failed","Mon Dec 29 22:21:20 UTC 2025","[Sales Portal] [Products]","","",""
"","6881","Field: Name, direction: desc","sales-portal-ui-integration","Mon Dec 29 22:17:18 UTC 2025","passed","Mon Dec 29 22:17:25 UTC 2025","[Integration] [Sales Portal] [Products] [Table Sorting]","","",""
"","1623","Should NOT create product when name contains special characters","sales-portal-api","Mon Dec 29 22:16:34 UTC 2025","passed","Mon Dec 29 22:16:35 UTC 2025","[API] [Sales Portal] [Products] > Creating products with invalid data","","",""
"","9443","Field: Order Number, direction: asc → sends correct API sort and updates UI","sales-portal-ui-integration","Mon Dec 29 22:17:15 UTC 2025","passed","Mon Dec 29 22:17:24 UTC 2025","[Integration] [Sales Portal] [Orders] [Table Sorting]","","",""
"","338","Customer without name is not created","sales-portal-api","Mon Dec 29 22:15:26 UTC 2025","passed","Mon Dec 29 22:15:27 UTC 2025","[API] [Sales Portal] [Customers] > Creating customers with invalid data","","",""
"","7219","Field: Created On, direction: asc → sends correct API sort and updates UI","sales-portal-ui-integration","Mon Dec 29 22:18:46 UTC 2025","passed","Mon Dec 29 22:18:54 UTC 2025","[Integration] [Sales Portal] [Orders] [Table Sorting]","","",""
"","7288","Field: Assigned Manager, direction: asc → sends correct API sort and updates UI","sales-portal-ui-integration","Mon Dec 29 22:18:32 UTC 2025","passed","Mon Dec 29 22:18:39 UTC 2025","[Integration] [Sales Portal] [Orders] [Table Sorting]","","",""
"","1517","1000 house of customer is not created","sales-portal-api","Mon Dec 29 22:15:28 UTC 2025","passed","Mon Dec 29 22:15:29 UTC 2025","[API] [Sales Portal] [Customers] > Creating customers with invalid data","","",""
"","546","Should NOT create product when price is not an integer number","sales-portal-api","Mon Dec 29 22:16:37 UTC 2025","passed","Mon Dec 29 22:16:38 UTC 2025","[API] [Sales Portal] [Products] > Creating products with invalid data","","",""
"","10322","Should update product successfully","sales-portal-api","Mon Dec 29 22:16:58 UTC 2025","passed","Mon Dec 29 22:17:08 UTC 2025","[API] [Sales Portal] [Products] > Update product by ID > Positive","","",""
"","1182","0 character name customer is not created","sales-portal-api","Mon Dec 29 22:15:25 UTC 2025","passed","Mon Dec 29 22:15:26 UTC 2025","[API] [Sales Portal] [Customers] > Creating customers with invalid data","","",""
"","2618","Should NOT delete a comment with commentId invalid","sales-portal-api","Mon Dec 29 22:15:57 UTC 2025","passed","Mon Dec 29 22:15:59 UTC 2025","[API] [Sales Portal] [Orders] [Comments] [Delete]","","",""
"","7309","Field: Assigned Manager, direction: desc → sends correct API sort and updates UI","sales-portal-ui-integration","Mon Dec 29 22:18:39 UTC 2025","passed","Mon Dec 29 22:18:46 UTC 2025","[Integration] [Sales Portal] [Orders] [Table Sorting]","","",""
"","1556","Search by country field","sales-portal-ui","Mon Dec 29 22:19:23 UTC 2025","failed","Mon Dec 29 22:19:24 UTC 2025","[Sales Portal] [Customers]","","",""
"","10453","Should create product when notes length is 250 characters","sales-portal-api","Mon Dec 29 22:16:23 UTC 2025","passed","Mon Dec 29 22:16:34 UTC 2025","[API] [Sales Portal] [Products] > Creating products with valid data","","",""
"","634","Customer without flat is not created","sales-portal-api","Mon Dec 29 22:15:29 UTC 2025","passed","Mon Dec 29 22:15:29 UTC 2025","[API] [Sales Portal] [Customers] > Creating customers with invalid data","","",""
"","1202","Should NOT update customer with not existing id","sales-portal-api","Mon Dec 29 22:15:40 UTC 2025","passed","Mon Dec 29 22:15:41 UTC 2025","[API] [Sales Portal] [Customers] > NOT SMOKE","","",""
"","5824","Field: Price, direction: asc","sales-portal-ui-integration","Mon Dec 29 22:17:17 UTC 2025","passed","Mon Dec 29 22:17:23 UTC 2025","[Integration] [Sales Portal] [Products] [Table Sorting]","","",""
"","10741","Should get all products successfully","sales-portal-api","Mon Dec 29 22:16:41 UTC 2025","passed","Mon Dec 29 22:16:52 UTC 2025","[API] [Sales Portal] [Products] > Get All Products > Positive","","",""
"","17063","Should NOT update product with duplicate name","sales-portal-api","Mon Dec 29 22:17:00 UTC 2025","passed","Mon Dec 29 22:17:17 UTC 2025","[API] [Sales Portal] [Products] > Update product by ID > Negative","","",""
"","10394","Should create product without notes field","sales-portal-api","Mon Dec 29 22:16:23 UTC 2025","passed","Mon Dec 29 22:16:34 UTC 2025","[API] [Sales Portal] [Products] > Creating products with valid data","","",""
"","2456","Should NOT update order without token","sales-portal-api","Mon Dec 29 22:16:10 UTC 2025","passed","Mon Dec 29 22:16:12 UTC 2025","[API] [Sales Portal] [Orders] [Update]","","",""
"","2699","Create customer with valid email format","sales-portal-api","Mon Dec 29 22:15:21 UTC 2025","passed","Mon Dec 29 22:15:24 UTC 2025","[API] [Sales Portal] [Customers] > Creating customers with valid data","","",""
"","2248","Should NOT get order without token","sales-portal-api","Mon Dec 29 22:15:58 UTC 2025","passed","Mon Dec 29 22:16:00 UTC 2025","[API] [Sales Portal] [Orders] [Get by ID]","","",""
"","7593","Should NOT get product by id with invalid token","sales-portal-api","Mon Dec 29 22:16:52 UTC 2025","passed","Mon Dec 29 22:17:00 UTC 2025","[API] [Sales Portal] [Products] > Get Product By Id > Negative","","",""
"","1625","Should NOT create product when name length is 41 characters","sales-portal-api","Mon Dec 29 22:16:34 UTC 2025","passed","Mon Dec 29 22:16:35 UTC 2025","[API] [Sales Portal] [Products] > Creating products with invalid data","","",""
"","7281","Field: Price, direction: desc → sends correct API sort and updates UI","sales-portal-ui-integration","Mon Dec 29 22:17:55 UTC 2025","passed","Mon Dec 29 22:18:02 UTC 2025","[Integration] [Sales Portal] [Orders] [Table Sorting]","","",""
"","590","Customer without email is not created","sales-portal-api","Mon Dec 29 22:15:28 UTC 2025","passed","Mon Dec 29 22:15:29 UTC 2025","[API] [Sales Portal] [Customers] > Creating customers with invalid data","","",""
"","517","Should NOT delete order with non-existent orderId","sales-portal-api","Mon Dec 29 22:15:55 UTC 2025","passed","Mon Dec 29 22:15:55 UTC 2025","[API] [Sales Portal] [Orders] [Delete]","","",""
"","1528","NOT create customer with invalid data","sales-portal-api","Mon Dec 29 22:15:18 UTC 2025","passed","Mon Dec 29 22:15:19 UTC 2025","[API] [Sales Portal] [Customers]","","",""
"","1416","Should NOT create order with 1 invalid productId","sales-portal-api","Mon Dec 29 22:15:53 UTC 2025","passed","Mon Dec 29 22:15:54 UTC 2025","[API] [Sales Portal] [Orders] [Create]","","",""
"","160","Should fail for non-existent customer","sales-portal-api","Mon Dec 29 22:15:33 UTC 2025","passed","Mon Dec 29 22:15:33 UTC 2025","[API] [Sales Portal] [Customers]","","",""
"","2519","Should NOT assign manager with empty managerId","sales-portal-api","Mon Dec 29 22:15:50 UTC 2025","passed","Mon Dec 29 22:15:52 UTC 2025","[API] [Sales Portal] [Orders] [Assign Manager]","","",""
"","2420","Should update customer with max valid data","sales-portal-api","Mon Dec 29 22:15:41 UTC 2025","passed","Mon Dec 29 22:15:43 UTC 2025","[API] [Sales Portal] [Customers] > NOT SMOKE","","",""
"","601","Customer without city is not created","sales-portal-api","Mon Dec 29 22:15:29 UTC 2025","passed","Mon Dec 29 22:15:29 UTC 2025","[API] [Sales Portal] [Customers] > Creating customers with invalid data","","",""
"","6062","Should create product when notes are empty","sales-portal-api","Mon Dec 29 22:16:34 UTC 2025","passed","Mon Dec 29 22:16:40 UTC 2025","[API] [Sales Portal] [Products] > Creating products with valid data","","",""
"","9304","Should NOT update product with invalid token","sales-portal-api","Mon Dec 29 22:16:59 UTC 2025","passed","Mon Dec 29 22:17:08 UTC 2025","[API] [Sales Portal] [Products] > Update product by ID > Negative","","",""
"","1354","Create customer with a valid phone","sales-portal-api","Mon Dec 29 22:15:25 UTC 2025","passed","Mon Dec 29 22:15:26 UTC 2025","[API] [Sales Portal] [Customers] > Creating customers with valid data","","",""
"","1410","Create customer with 40 character length of street","sales-portal-api","Mon Dec 29 22:15:22 UTC 2025","passed","Mon Dec 29 22:15:24 UTC 2025","[API] [Sales Portal] [Customers] > Creating customers with valid data","","",""
"","2177","Should delete order with valid id and token","sales-portal-api","Mon Dec 29 22:15:53 UTC 2025","passed","Mon Dec 29 22:15:56 UTC 2025","[API] [Sales Portal] [Orders] [Delete]","","",""
"","1376","Create customer with 250 notes","sales-portal-api","Mon Dec 29 22:15:24 UTC 2025","passed","Mon Dec 29 22:15:25 UTC 2025","[API] [Sales Portal] [Customers] > Creating customers with valid data","","",""
"","3288","Should return no unread notifications if all are read","sales-portal-api","Mon Dec 29 22:15:44 UTC 2025","passed","Mon Dec 29 22:15:47 UTC 2025","[API] [Sales Portal] [Notifications] - GET /api/notifications","","",""
"","318","NOT create product with invalid data","sales-portal-api","Mon Dec 29 22:16:12 UTC 2025","passed","Mon Dec 29 22:16:12 UTC 2025","[API] [Sales Portal] [Products]","","",""
"","7664","Should NOT get all products with empty token","sales-portal-api","Mon Dec 29 22:16:48 UTC 2025","passed","Mon Dec 29 22:16:56 UTC 2025","[API] [Sales Portal] [Products] > Get All Products > Negative","","",""
"","2984","Create customer with 20 character length of city","sales-portal-api","Mon Dec 29 22:15:20 UTC 2025","passed","Mon Dec 29 22:15:23 UTC 2025","[API] [Sales Portal] [Customers] > Creating customers with valid data","","",""
"","1907","Orders This Year metric","sales-portal-ui-integration","Mon Dec 29 22:17:10 UTC 2025","passed","Mon Dec 29 22:17:11 UTC 2025","[Integration] [Sales Portal] [Home Metrics]","","",""
"","2421","Update customer","sales-portal-api","Mon Dec 29 22:15:39 UTC 2025","passed","Mon Dec 29 22:15:41 UTC 2025","[API] [Sales Portal] [Customers] > Smoke","","",""
"","7302","Product Details","sales-portal-ui-integration","Mon Dec 29 22:17:09 UTC 2025","passed","Mon Dec 29 22:17:17 UTC 2025","[Integration] [Sales Portal] [Products]","","",""
"","588","Should NOT create product without name field","sales-portal-api","Mon Dec 29 22:16:35 UTC 2025","passed","Mon Dec 29 22:16:36 UTC 2025","[API] [Sales Portal] [Products] > Creating products with invalid data","","",""
"","3102","Should mark all notifications as read","sales-portal-api","Mon Dec 29 22:15:44 UTC 2025","passed","Mon Dec 29 22:15:47 UTC 2025","[API] [Sales Portal] [Notifications] - PATCH /api/notifications/mark-all-read","","",""
"","1695","Search by name field","sales-portal-ui","Mon Dec 29 22:19:10 UTC 2025","failed","Mon Dec 29 22:19:12 UTC 2025","[Sales Portal] [Customers]","","",""
